AREA_SHORT_CODE,mean,count
095,0.5157312925170068,42.0
166,0.5316666666666667,45.0
165,,
070,0.58,40.0
170,0.5277777777777778,18.0
168,0.61,25.0
073,0.5709677419354838,31.0
072,0.6347222222222223,18.0
169,0.5494047619047618,24.0
167,0.5792410714285714,32.0
071,0.553125,16.0
074,0.5163461538461539,26.0
068,0.5421875,16.0
098,0.5551724137931034,29.0
