{
  "n_personas": 362,
  "n_near": 96,
  "n_far": 266,
  "mean_valence_near": 0.580952380952381,
  "mean_valence_far": 0.5475966702470463
}